getAllAGNData, 0
getAllAGNData, 0
getAllAGNData, 0
getAllAGNData, 0
getAllAGNData, 0
getAllAGNData, 0
getAllAGNData, 0
getAllAGNData, 0
getAllAGNData, 0
getAllAGNData, 0
getAllAGNData, 0
getAllAGNData, 0
getAllAGNData, 0
getAllAGNData, 0
getAllAGNData, 0
getAllAGNData, 0
getAllAGNData, 0
getAllAGNData, 0
getAllAGNData, 0
getAllAGNData, 0
getAllAGNData, 0
getAllAGNData, 0
getAllAGNData, 0
getAllAGNData, 0
getAllAGNData, 0
getAllAGNData, 0
getAllAGNData, 0
getAllAGNData, 0
getAllAGNData, 0
getAllAGNData, 0
getAllAGNData, 0
getAllAGNData, 0
getAllAGNData, 0
getAllAGNData, 0
getAllAGNData, 0
getAllAGNData, 0
getAllAGNData, 0
getAllAGNData, 0
getAllAGNData, 0
getAllAGNData, 0
getAllAGNData, 0
getAllAGNData, 0
getAllAGNData, 0
getAllAGNData, 0
getAllAGNData, 0
getAllAGNData, 0
getAllAGNData, 0
getAllAGNData, 0
getAllAGNData, 0
getAllAGNData, 0
getAllAGNData, 0
getAllAGNData, 0
getAllAGNData, 0
getAllAGNData, 0
getAllAGNData, 0
getAllAGNData, 0
getAllAGNData, 0
getAllAGNData, 0
getAllAGNData, 0
getAllAGNData, 0
getAllAGNData, 0
getAllAGNData, 0
getAllAGNData, 0
getAllAGNData, 0
getAllAGNData, 0
getAllAGNData, 0
getAllAGNData, 0
getAllAGNData, 0
getAllAGNData, 0
getAllAGNData, 0
getAllAGNData, 0
getAllAGNData, 0
getAllAGNData, 0
getAllAGNData, 0
getAllAGNData, 0
getAllAGNData, 0
getAllAGNData, 0
getAllAGNData, 0
getAllAGNData, 0
getAllAGNData, 0
getAllAGNData, 0
getAllAGNData, 0
getAllAGNData, 0
getAllAGNData, 0
getAllAGNData, 0
getAllAGNData, 0
getAllAGNData, 0
getAllAGNData, 0
getAllAGNData, 0
getAllAGNData, 0
getAllAGNData, 0
getAllAGNData, 0
getAllAGNData, 0
getAllAGNData, 0
getAllAGNData, 0
getAllAGNData, 0
getAllAGNData, 0
getAllAGNData, 0
getAllAGNData, 0
getAllAGNData, 0
getAllAGNData, 0
getAllAGNData, 0
getAllAGNData, 0
getAllAGNData, 0
getAllAGNData, 0
getAllAGNData, 0
getAllAGNData, 0
getAllAGNData, 0
getAllAGNData, 0
getAllAGNData, 0
getAllAGNData, 0
getAllAGNData, 0
getAllAGNData, 0
getAllAGNData, 0
getAllAGNData, 0
getAllAGNData, 0
getAllAGNData, 0
getAllAGNData, 0
getAllAGNData, 0
getAllAGNData, 0
getAllAGNData, 0
getAllAGNData, 0
getAllAGNData, 0
getAllAGNData, 0
getAllAGNData, 0
getAllAGNData, 0
getAllAGNData, 0
getAllAGNData, 0
getAllAGNData, 0
getAllAGNData, 0
getAllAGNData, 0
getAllAGNData, 0
getAllAGNData, 0
getAllAGNData, 0
getAllAGNData, 0
getAllAGNData, 0
getAllAGNData, 0
getAllAGNData, 0
getAllAGNData, 0
getAllAGNData, 0
getAllAGNData, 0
getAllAGNData, 0
getAllAGNData, 0
getAllAGNData, 0
getAllAGNData, 0
getAllAGNData, 0
getAllAGNData, 0
getAllAGNData, 0
getAllAGNData, 0
getAllAGNData, 0
getAllAGNData, 0
getAllAGNData, 0
getAllAGNData, 0
getAllAGNData, 0
getAllAGNData, 0
getAllAGNData, 0
getAllAGNData, 0
getAllAGNData, 0
getAllAGNData, 0
getAllAGNData, 0
getAllAGNData, 0
getAllAGNData, 0
getAllAGNData, 0
getAllAGNData, 0
getAllAGNData, 0
getAllAGNData, 0
getAllAGNData, 0
getAllAGNData, 0
getAllAGNData, 0
getAllAGNData, 0
getAllAGNData, 0
getAllAGNData, 0
getAllAGNData, 0
getAllAGNData, 0
getAllAGNData, 0
getAllAGNData, 0
getAllAGNData, 0
getAllAGNData, 0
getAllAGNData, 0
getAllAGNData, 0
getAllAGNData, 0
getAllAGNData, 0
getAllAGNData, 0
getAllAGNData, 0
getAllAGNData, 0
getAllAGNData, 0
getAllAGNData, 0
getAllAGNData, 0
getAllAGNData, 0
getAllAGNData, 0
getAllAGNData, 0
getAllAGNData, 0
getAllAGNData, 0
getAllAGNData, 0
getAllAGNData, 0
getAllAGNData, 0
getAllAGNData, 0
getAllAGNData, 0
getAllAGNData, 0
getAllAGNData, 0
getAllAGNData, 0
getAllAGNData, 0
getAllAGNData, 0
getAllAGNData, 0
getAllAGNData, 0
getAllAGNData, 0
getAllAGNData, 0
getAllAGNData, 0
getAllAGNData, 0
getAllAGNData, 0
getAllAGNData, 0
getAllAGNData, 0
getAllAGNData, 0
getAllAGNData, 0
getAllAGNData, 0
getAllAGNData, 0
getAllAGNData, 0
getAllAGNData, 0
